,Looking time,,,,,,,,2 weeks,,,4 months,,,6 months,,,9 months,,
Running order,2w_mother,2w_stranger,4mo_mother,4mo_stranger,6mo_mother,6mo_stranger,9mo_mother,9mo_stranger,Negative_Affect,Distress,Falling_Reactivity,Negative_Affect,Distress,Falling_Reactivity,Negative_Affect,Distress,Falling_Reactivity,Negative_Affect,Distress,Falling_Reactivity
1,127960,19306,41500,50006,47409,37670,23880,18184,3.55,4.89,4.46,4.10,4.08,4.55,4.91,3.50,4.18,5.73,5.00,6.00
2,,,29096,53597,18975,23662,18662,16968,5.50,5.00,2.92,5.75,3.83,2.77,5.00,3.75,3.23,5.20,4.70,3.58
3,,,45847,32889,,,,,,,,3.91,4.00,4.44,,,,5.58,4.73,4.85
4,8891,91895,11141,28449,16767,24565,15389,22418,3.55,3.50,4.77,2.00,2.08,6.54,2.08,1.83,5.23,2.18,2.83,5.69
5,,,75457,69414,,,,,,,,4.75,4.42,4.77,,,,,,
6,187070,2569,61146,43454,23008,39306,13419,9447,4.17,2.25,6.20,3.60,1.64,6.46,2.27,1.75,6.38,3.75,2.75,5.85
7,50067,44094,6625,22064,48284,26933,26637,22228,5.83,5.63,2.44,3.58,3.55,5.15,3.75,5.33,5.92,3.70,3.50,6.70
8,26252,67521,36498,51073,30423,24135,,,2.75,3.56,4.00,4.83,2.83,5.54,4.50,4.00,4.85,4.92,4.17,5.15
9,46630,49120,31799,47603,6908,5152,,,3.60,4.44,4.08,3.82,4.40,3.85,2.50,3.42,4.77,3,3.5,4
10,,,34791,48580,26510,18330,,,3.91,4.78,3.58,4.17,3.08,5.60,4.92,4.00,5.08,5.40,4.42,5.67
11,27799,31355,166887,43460,,,20547,14935,6.17,4.00,4.08,4.36,2.92,7.00,4.63,2.10,6.60,5.33,4.08,7.00
12,,,26002,147658,25348,20741,31833,23214,1.58,2.11,4.91,2.08,2.58,5.54,2.25,2.00,5.77,2.25,1.83,6.45
13,18631,23840,45117,50163,44883,28424,33426,33430,3.60,4.22,3.50,2.83,2.50,5.38,3.45,2.42,5.82,2.27,2.83,6.23
14,,,,,,,,,2.17,2.00,4.56,,,,,,,,,
15,43460,30048,27869,90211,5922,4325,33426,33430,4.83,5.13,3.88,2.33,3.18,4.08,2.91,3.33,4.25,3.89,3.92,3.20
16,,,71378,31872,19531,18407,21784,27790,1.67,3.60,5.09,2.25,2.73,5.33,3.18,2.58,5.08,3.38,3.25,5.64
17,,,94892,42421,19028,12969,48795,38880,,,,4.25,3.18,4.85,3.91,3.27,5.54,3.92,3.67,4.62
18,36179,17387,56152,44207,28157,25881,41566,41316,5.10,4.00,6.38,3.73,4.00,6.50,6.00,3.50,5.92,5.92,3.42,5.62
19,75260,29016,38341,48213,49831,31050,24828,27171,4.10,5.22,4.31,4.11,4.67,3.89,2.70,2.80,4.56,3.88,3.82,4.56
20,17284,23489,,,26924,23397,23621,13069,3.45,4.67,3.85,3.18,2.90,4.44,4.67,3.58,3.23,3.83,3.58,4.69
21,,,37337,28299,46108,36219,13169,15416,5.00,5.00,6.00,5.64,3.90,5.89,5.45,4.70,5.67,6.09,5.20,4.78
22,134813,150309,24746,74404,21191,41186,20872,22477,2.89,3.73,4.00,3.67,2.75,4.46,3.50,3.42,6.60,4.42,4.08,4.08
23,,,16277,14144,50931,26832,23217,57848,3.75,3.88,5.50,4.00,3.00,6.31,5.30,3.18,5.56,2.75,3.42,6.25
24,,,,,20668,36619,,,,,,,,,4.92,5.09,4.08,5.17,4.75,3.77
25,33098,47600,32392,19077,21453,7785,,,5.14,5.13,2.55,5.27,4.50,3.62,5.44,4.82,5.00,4.64,3.75,5.15
26,,,,,24074,23895,,,1.71,5.13,4.13,,,,2.83,3.33,5.00,,,
27,,,,,27394,34836,32360,22280,3.11,5.50,3.33,2.67,3.78,5.69,,,,3.67,4.42,4.85
28,8878,26890,35268,37871,49307,26482,17958,13847,1.11,2.70,6.57,2.90,2.82,5.90,3.00,2.50,5.77,3.33,3.83,6.31
29,102697,28852,6122,33258,83224,27987,31580,34109,3.83,4.50,3.63,3.00,2.42,5.69,3.33,3.17,4.85,4.45,3.25,4.85
30,63129,35422,68145,55969,32818,33526,,,3.75,4.38,4.50,3.33,2.92,4.27,4.08,3.08,4.38,4.64,3.92,4.00
31,35175,9965,17333,5695,,,,,2.92,3.08,4.69,3.42,3.58,5.00,3.67,4.58,5.33,4.42,4.67,5.54
32,1179,7775,,,,,,,,,,,,,,,,,,
33,27502,20266,15613,19183,,,12206,21448,2.33,1.80,6.00,3.83,2.50,5.08,3.56,3.33,5.92,3.60,3.75,5.08
34,,,14157,79610,45022,27330,34916,44362,3.92,3.00,5.54,,,,4.75,3.82,4.92,,,
35,21839,3552,55653,51786,51814,45962,37507,26671,4.45,4.63,3.50,3.73,3.17,3.62,3.92,3.17,4.69,3.50,5.00,3.15
36,1783,18624,36441,24802,30247,30045,,,2.80,4.33,4.78,3.11,2.90,5.33,2.50,3.22,6.60,4.44,3.70,5.08
37,181164,66497,12245,25901,9643,17796,11087,10447,4.22,3.22,3.46,2.92,2.75,4.38,4.83,3.92,4.00,5.73,3.92,4.31
38,3069,1669,,,3485,893,24515,40815,3.55,3.50,4.00,3.58,4.33,5.23,3.08,2.73,4.92,4.50,3.55,5.92
39,10537,5728,14157,79610,21170,35416,37584,31074,2.50,4.67,2.33,4.64,4.00,3.89,4.40,3.45,2.85,4.27,4.00,3.00
40,85559,106676,14117,37854,14412,18595,21755,20358,1.70,2.75,4.67,2.30,2.11,4.75,3.17,3.08,4.62,3.75,4.00,4.62
41,9548,67765,28296,24856,46157,47062,54269,62535,2.00,1.80,6.00,3.00,3.33,5.00,3.50,2.91,4.46,3.78,3.91,4.54
42,,,81985,26993,27729,18965,39010,22165,2.86,3.30,3.89,4.20,3.09,4.69,5.13,3.50,4.69,4.80,4.75,5.62
43,,,61725,7165,,,28904,38153,,,,2.56,3.00,4.27,,,,,,
44,,,28196,13288,36552,15565,26920,25138,3.00,4.44,5.83,4.25,4.75,3.69,4.75,4.25,4.69,4.42,4.08,4.85
45,,,13154,22832,13567,27371,28213,35253,2.00,2.33,5.50,3.33,3.09,4.57,2.89,3.60,4.89,4.92,4.00,4.22
46,36179,17387,14191,22243,,,29933,29307,2.73,3.80,3.88,3.10,2.33,5.31,3.75,3.75,5.08,4.17,3.42,4.92
47,,,33652,101054,16862,24685,38672,29566,3.33,5.00,4.62,3.92,2.80,3.38,3.17,2.42,3.92,3.58,3.08,2.62
48,29672,43008,133103,74333,80754,27951,17759,19922,2.40,2.00,5.60,2.56,2.50,6.09,2.60,2.25,6.42,2.25,2.42,6.38
49,,,36021,37161,59451,24361,,,4.75,3.71,4.73,5.11,4.36,4.92,3.08,3.42,6.15,4.42,5.08,5.23
50,36208,7572,48309,32715,60143,41145,34324,22868,2.20,2.38,6.27,2.92,2.75,6.00,2.75,3.83,5.69,3.67,4.67,5.31
51,,,38961,67587,,,24801,33776,3.40,5.33,3.42,4.92,3.83,4.46,3.83,2.75,5.08,3.50,3.67,4.69
52,77020,15197,22549,89059,38344,22885,27223,25667,4.20,4.40,5.20,3.92,3.67,4.31,5.18,4.08,5.46,4.17,3.33,4.38
53,22274,62448,18433,35451,26040,17476,,,3.50,3.67,,4.25,3.42,3.31,3.91,2.25,4.92,3.33,2.58,6
54,,,,,,,14713,19515,3.44,4.00,1.00,5.17,3.25,5.62,,,,,,
55,28043,90228,11414,41873,43005,24258,40480,25562,4.33,3.42,3.92,4.67,3.27,4.77,4.50,3.20,4.92,4.42,3.82,4.54
56,,,,,,,,,,,,,,,,,,,,
57,105667,76900,36094,69054,49647,33166,26664,52618,2.73,4.56,3.77,3.88,3.25,5.36,4.67,5.00,5.46,4.78,4.92,5.62
58,34161,68204,62191,113309,37965,32808,107978,39415,2.20,2.38,6.14,3.18,2.10,5.46,3.14,2.55,6.15,4.45,3.08,6.23
59,16733,14257,70944,25289,33097,40745,30647,23254,1.82,3.14,4.54,3.13,3.36,4.36,2.00,3.09,5.38,3.91,4.27,4.62
60,19914,19460,,,50572,76565,5885,9231,6.00,4.40,2.58,3.75,2.80,4.38,4.25,3.09,6.00,4,4,4.15
61,32376,53759,20654,32365,28794,14195,16636,15042,4.00,3.50,,2.67,3.44,3.60,2.73,3.36,3.85,3.78,4.09,5.00
62,131897,32129,30598,80156,28941,30871,42125,42909,1.58,2.50,5.42,3.42,2.58,5.23,3.75,4.08,4.77,3.83,3.08,4.46
63,21286,32431,4506,1726,,,19592,17579,4.75,3.33,6.20,3.71,2.42,5.92,2.75,3.67,4.89,4.17,4.67,4.85
64,30093,19120,84992,79333,13534,23211,14972,20842,2.50,3.43,4.00,2.91,3.92,4.77,2.50,3.64,4.62,2.75,3.75,5.00
65,17517,57160,23276,27256,44671,21277,,,4.71,4.00,4.08,3.40,3.11,5.00,3.00,3.33,4.62,3.11,4.18,5.69
66,,,64875,138603,43056,47783,,,3.33,5.00,4.62,3.33,2.92,5.54,3.10,2.75,5.46,3.36,3.08,5.77
67,,,42374,85239,,,26527,31847,2.45,3.88,5.15,,,,,,,,,
,,,,,,,,,,,,,,,,,,,,
,,,,,,,,,,,,,,,,,,,,
,,,,,,,,,,,,,,,,,,,,
,,,,,,,,,,,,,,,,,,,,
